Date,news,Adj Close
2010-12-30,In interview CNBCTV18 Nagesh Pydah Punjab gave outlook upcoming quarter quarter gone,125.355797
2010-12-27,Emkay Global Financial Services come earning estimates Banking sector quarter ended March 2010 According research,124.50528
2010-12-20,Punjab support Rs 960 says Technical Analyst Ashwani Gujral,124.273315
2010-12-13,Kotak Mahindra may slip Rs 710711 says Anu Jain IIFL Private Wealth Management India Infoline,126.531044
2010-08-12,head upto Rs 1100 says Technical Analyst Ashwani Gujral,116.87123899999999
2010-07-12,Punjab announce Q4FY10 results According CNBCTV18 estiamates companys Q4 NII seen 2607 Rs 190653 cror,108.85061599999999
2010-11-30,Staterun IDBI asked Kingfisher Airlines repay loans worth Rs 900 crore latter failed stick repayment schedule,125.62898999999999
2010-11-29,Staterun Punjab said Wednesday buy stakes joint venture partners life insurance insurance broking,121.252693
2010-11-26,Borrowers wait longer know new base rate banks Big public sector banks like State India Bar,118.706299
2010-11-25,Ahead Reserve Indias RBI review monetary policy 27 July State India set base rate 75 reports CNBCTV1,122.020744
2010-11-24,After banks announced base rates worry street much pinch consumers pocket State India said,130.49496499999998
2010-11-19,target Rs 11401150 says Rahul Mohindar Viratechindia,132.582611
2010-11-15,IIFL bullish Punjab recommended buy rating stock target Rs 1246 July 9 2010 research report,137.469208
2010-11-11,Sharekhan come earning estimates banking sector quarter ended June 2010 According research firm Punjab B,139.113525
2010-10-28,Emkay Global Financial Services recommended accumulate rating Punjab target Rs 1100 July 22 2010 research repor,135.087753
2010-10-27,Motilal Oswal recommended buy rating Punjab target Rs 1225 July 23 2010 research reportPunjab target Rs 1120 says Shailesh Kadam PINC,137.989822
2010-10-25,SEInvestments Ltd announced Punjab enhanced Fund Based Limit Rs 300 million Rs 450 million sanctioned Term Lo,139.263031
2010-10-22,Suresh Mahadevan UBS Securities says BoB ICICI top picks,137.355789
2010-10-20,steady uptrend many months row registering positive gains month month It potential test around Rs 1345 levels Expect 2530 gains says Rajesh Jain Independent Market Strategist,133.65476999999998
2010-10-18,Pick Punjab Of Baroda BoB Of India within PSU space says Deven Choksey MD KR Choksey Securities,134.067139
2010-10-14,Sonam Udasi Head Treasury IDBI Capital upbeat Union Central,136.860962
2010-12-10,Gupta Equities bullish Punjab recommended buy rating stock target Rs 1500 September 6 2010 resear,123.623825
2010-08-10,Punjab uptrend short term medium term long term It time highs Despite rise negative divergenExit Punjab says Radhika Gupta Director Forefront Capital Management,113.737206
2010-05-10,One book profit Punjab around Rs 13451350 One reenter lower levels keep trailing stop loss arBook partial profits says Ambareesh Baliga Karvy Stock Broking,98.832489
2010-09-30,State India go upto Rs 3400 says Technical Analyst Ashwani Gujral,133.319717
2010-09-29,Punjab test Rs 13601365 says Technical Analyst Ashwani Gujral,133.747543
2010-09-27,Debt ridden steel product maker Ispat Industries main lenders State India IDBI IFCI Punjab ICICI met yesterday decidPunjab upped base rate 8 85 In interview CNBCTV18s Sonia Shenoy chairman KR Kamath spoStateowned Punjab said Thursday October 1 2010 raise base rate 85 8 Its benchmark prime lending rate w,134.16507
2010-09-17,Angel Broking come earning estimates banking sector quarter ended September 2010,132.561981
2010-09-14,Motilal Oswal come earning estimates banking sector quarter ended September 2010In interview CNBCTV18 KR Kamath Chairman Punjab spoke latest happenings company sectorKarvy Stock Broking maintained outperformer rating Punjab target Rs 1562 October 7 2010 research report,129.711456
2010-06-09,Sharekhan come earning estimates banking sector quarter ended September 2010 According research firm Punjab Natio,99.211838
2010-08-18,Punjab said Monday Reserve India issued certificate registration formers nonbanking joint venture JV fi,122.000107
2010-08-13,Hold PSU banks says Prashastha Seth Senior VP IIFL Private WealthBedmutha Industries recently awarded mega project status government Maharashtra tune Rs 30742 crore This part gove,117.42795600000001
2010-09-08,Buy dips says Ambareesh Baliga Karvy Stock Broking,126.721764
2010-07-29,Get dips says Anu Jain IIFL Private Wealth Management,108.933098
2010-07-26,Stateowned Punjab set announce results quarter ended September 2010,107.09803799999999
2010-07-23,Punjab reported net profit Rs 1075 crore compared Rs 927 crore In interview CNBCTV18 KR Kamath Chairman PunStaterun Punjab Ltd find difficult sustain margins current levels Chairman KR Kamath told reporters ThursdPublic sector lender Punjab announced results quarter September 2010 It reported net profit Rs 1075 crore,108.31968700000002
2010-07-22,Hold Punjab Baroda ICICI Shriram Transport says Suresh Mahadevan HeadIndia Research UBS Securities,109.134125
2010-07-21,Punjab good support Rs 1280 says Rahul Mohindar Viratechindia,109.443405
2010-07-14,Motilal Oswal bullish Punjab recommended buy rating stock target Rs 1550 October 28 2010 research,108.536179
2010-10-07,Angel Broking maintained neutral rating Punjab October 29 2010 research report,135.541351
2010-09-07,KRChoksey bullish Punjab recommended buy rating stock target Rs 1542 November 03 2010 research,125.62383999999999
2010-05-07,TS Harihar Karvy Stock Broking bet Punjab BarodaIn exclusive interview CNBCTV18 Vikram Akula Chairman Dilli Raj CFO clarified stance company well capitalised,98.633095
2010-06-30,Accumulate banking stocks current level says Prashastha Seth Senior VP IIFL Private WealthIn interview CNBCTV18 Deepak Parekh Chairman HDFC gave perspective housing loan scamThe Central Bureau Investigation CBI unearthed fake housing scandal runs crores rupees LIC Housing Finance Central I,102.027695
2010-06-29,UBS cut rating Indias LIC Housing Finance sell neutral Thursday day federal police arrested CEO alleged brIn exclusive interview CNBCTV18s Udayan Mukherjee Sonia Shenoy chairman managing director one involved partiesPNB said,101.9888
2010-06-28,Here facts companies allegedly involved bribery scandalBuy banking stocks says Vibhav Kapoor ILFSCore Projects tanked 33 early trade today In interview CNBCTV18 Nikhil Morsawala Director Finance Core Projects Technologies gave,102.159012
2010-06-23,The Central Bureau Investigation CBI looking bad loan writeoffs banks financial institutions involved bribesforloans,102.15416
2010-05-17,Technical Analyst Ashwani Gujral feels Punjab Axis may see correctionLIC Housing Finance said Monday loans worth Rs 389 crore USD 85 million issued probe federal investigative bureau fi,97.378357
2010-05-13,Vijaya looks cheap amongst midcap PSU banks says SP Tulsian Investment Advisor,100.09209399999999
2010-07-05,Prefer Punjab says Mehrab Irani Tata Investment CorporationPrefer Punjab Of Baroda BoB says Devang Mehta Vice President Head equity sales Anand Rathi Financial Service,104.532318
2010-05-05,At banking conference Reserve India RBI governor stated saw need banks reduce margins Kamath said,101.414925
2010-04-23,State India support Rs 2770 says Vijay Bhambwani Technical Analyst,100.388756
2010-04-19,Staterun Punjab said Monday bought 6364 stake JSC Dana Kazakhstan 35 billion Tenge USD 2376 millionStay away smallcap banks says Ajay Srivastava CEO Dimensions ConsultingPNB target Rs 1312 says Jagannadham Thununguntla SMC CapBulls Eye popular game show CNBCTV18 offer investors chance look stocks added portfolio,96.512688
2010-04-16,Lanco Infratech Ltd said Monday secured debt 5549 bn Rs consortium banks 1320 MW thermal power project b,96.81907700000001
2011-12-29,In January companies announce results quarter ending December 31 2010 In interview CNBCTV18 Abhijit Mazumdar Prabhuda,89.607948
2011-12-28,Karvy Stock Broking come earning estimates banking sector quarter ended December 2010 According research firm PunBuy 1150 Put says VK Sharma Head Private Broking Wealth Management HDFC Securities,88.85633100000001
2011-12-20,Prabhudas Lilladher come earning estimates banking sector quarter ended December 2010 According research firm Pun,89.286636
2011-12-12,KRChoksey come earning estimates banking financial sector quarter ended December 2010 According research firm,102.45989200000001
2011-01-12,Angel Broking come earning estimates banking sector quarter ended December 2010 According research firm Punjab Na,122.87640400000001
2011-08-11,Staterun lender Punjab restructured insurance mutual fund joint ventures buying partners stake insurance v,127.52694699999999
2011-04-11,Speaking banks earnings KR Kamath CMD told CNBCTV18 recoveries higher time around last year Kamath expects loan gStaterun Punjab set announce results quarter ended December 2010 It reported net profit Rs 1090 crore Punjab set announce results quarter ended December 2010 According CNBCTV18 estimates net profit exp,122.567116
2011-03-11,Midcap Indian banks reported strong profits OctoberDecember Friday riding robust loan growth increased corporate activity rising,110.46918500000001
2011-02-11,Karvy Stock Broking maintained outperformer rating Punjab target Rs 1380 January 24 2011 research repo,106.59288000000001
2011-01-11,Angel Broking bullish Punjab recommended accumulate rating stock target Rs 1259 January 21 KRChoksey bullish Punjab recommended buy rating stock target Rs 1512 January 25 2011 research rep,121.051651
2011-09-30,Axis looks attractive says Sam Mahtani FC Investments IIFL bullish Punjab recommended buy rating stock target Rs 1370 March 10 2011 research repo,109.35635400000001
2011-08-25,Prashastha Seth Senior VP IIFL Private Wealth positive banking stocks,110.251396
2011-11-08,Apparel manufacturer Koutons Retail admitted debt clouds hanging company option planning debt resPrefer Of Baroda Punjab says Devang Mehta Anand Rathi Financial ServicesPrefer private sector banks says Abhijit Chakraborty Fortune FinancialMotilal Oswal come report public sector banksAditya Birla Money bullish Punjab recommended buy rating stock target Rs 11801200 March 25,112.25376899999999
2011-08-08,Nirmal Jain Chairman India Infoline bullish HDFC LIC Housing Fin Yes BankBank Baroda Chairman Managing Director M D Mallya take Chairman Indian Banks Association IBA April 1,126.425354
2011-03-08,Keep Rs 12101212 stoploss says Anu Jain IIFL Private Wealth Management,111.91763300000001
2011-02-08,Sharekhan come earning estimates banking sector quarter ended March 2011 According research firm Punjab Staterun Punjab Ltd shortlisted Bharti Axa Life Aviva Life MetLife life insurance tieup Economic Times repo,103.59288000000001
2011-07-29,Emkay Global Financial Services come earning estimates banking sector quarter ended March 2011 According research,128.967056
2011-07-28,Angel Broking come earning estimates banking sector quarter ended March 2011 According research firm Punjab Natio,126.26470900000001
2011-07-27,The CBI filed case alleging Venkoba Gujjal deputy general manager Punjab giving bribes get loans reports CNBCTV18,129.213776
2011-07-15,Indias banks likely raise upto USD 9 billion overseas bonds issuance corporates grow foreign business organically acqu,130.826004
2011-12-07,The Reserve India RBI relaxed provisioning norms banks retrospective effect September 30 2010 turn could help b,105.684357
2011-07-07,Punjab announce fourth quarter results According CNBCTV18s estimates companys net interest income NII seen upPunjab support Rs 1050 says Shardul Kulkarni Sr Technical Analyst Angel Broking,131.267776
2011-06-07,Punjab revised base rate upward 50 basis points ie 10 9050 effect May 05 2011Punjab meeting held May 04 2011 declared dividend Rs 22 per share Rs 10 FY 201011Punjab announced fourth quarter results The companys Q4 net profit 6 Rs 1200 crore versus Rs 1135 crore,112.706299
2011-02-07,Motilal Oswal bullish Punjab recommended buy rating stock target Rs 1400 May 4 2011 researc,105.345459
2011-06-29,Interest earned quarter Rs 744029 crore net profit Rs 120090 croreEmkay Global Financial Services bullish Punjab recommended accumulate rating stock target Rs 1300,124.531975
2011-06-17,Countrys largest lender today announced hike lending rates 75 basis points bps making housing auto loans dearer ne,120.464104
2011-06-16,ICICIdirectcom bullish Punjab recommended buy rating stock target Rs 1255 May 12 2011 rese,120.12558
2011-06-14,may slip Rs 2138 says Salil Sharma Kapur Sharma Co Aditya Birla Money bearish Punjab recommended sell rating stock target Rs 1000 May 20 2011,112.30938
2011-05-27,support Rs 1000 says Shardul Kulkarni Angel Broking,110.97948500000001
2011-05-26,Amit Khurana Director Research Dolat Capital positive Punjab,111.55165900000001
2011-05-25,Hold says Prashastha Seth Senior VP IIFL Private Wealth,108.376396
2011-05-24,The Delhi High Court come heavily Punjab arm twisting tactics releasing Rs 1000 crore loansecurities r,108.18051100000001
2011-05-23,KRChoksey bullish Punjab recommended buy rating stock target Rs 1380 June 13 2011 research,106.216591
2011-10-05,Enter Punjab Rs 1000 says SP Tulsian sptulsiancom,104.30162800000001
2011-09-05,Punjab Saturday said focus economic activities Self Help Groups SHGs tourism agriculture dairy sectorPunjab Banks credit micro small medium enterprises rose Rs 45296 crore end March 2011 Rs 35034 crore last year r,106.694153
2011-07-05,Rupay first domestic form plastic money promoted Payment Corporation India NPCI fast inking strategic ties banks,130.183395
2011-05-05,Sushil Finance bullish Punjab recommended buy rating stock target Rs 1370 July 4 2011 resea,109.94339
2011-04-05,Punjab Indias second largest public sector set foray Canadian market setting subsidiary estAs overall credit take started losing steam back rising interest rates Reserve India RBI Tuesday asked banks st,123.500114
2011-04-26,KRChoksey come earning estimates banking sector quarter ended June 2011 According research firm Punjab B,125.96404299999999
2011-04-25,Way2Wealth bullish Punjab recommended buy rating stock target Rs 1350 July 13 2011 research,125.257851
2011-04-19,Punjab announce first quarter results According CNBCTV18s estimates companys net interest income NII seen 1,122.07228899999998
2011-04-15,Buy Punjab current levels says SP Tulsian sptulsiancomThe countrys second largest public sector lender Punjab today said selected Metlife partner proposed foray KR Kamath chairman managing director joins CNBCTV18 talk beyond numbers way forward PNBBelow Rs 830820 Reliance Industries RIL slip Rs 790770 says Ashish Chaturmuhta IIFL Private Wealth ManagementSharad Avasthi SPA Securities feels one buy Punjab posted rise 35 first quarter FY12 net profit During period net profit increased Rs 1105 cror,122.84548999999998
2011-11-04,Corporation entered partnership Collateral Management Services Limited NCMSL major agriinfrastructure player Sharekhan come report various stocks,112.28246299999999
2011-03-30,SP Tulsian sptulsiancom feels investors add Hindalco ThermaxMotilal Oswal bullish Punjab recommended buy rating stock target Rs 1500 July 28 2011 resea,125.520752
2011-03-25,Countrys largest private lender ICICI today announced hike lending rates 50 basis points,117.824852
2011-03-16,The Reserve Indias governor today proposed separate chairman managing director CEO position PSU banks Sharing vie,113.067116
2011-11-03,Ailing Koutons Retail got respite bankers approved debt restructuring package,113.34964
2011-02-02,R K Global bullish Punjab recommendation buy rating stock target Rs 930 October 7 2011 rese,111.33515200000001
2011-01-27,Amid rising concerns funding power sector public sector lender Punjab started restructuring loans doled Sudarshan Sukhani technicaltrendscom shares view Punjab BankDavid Pezarkar Head Equity Daiwa Mutual Fund shares view banksAmisha Vora Joint Managing Director Prabhudas Lilladher feels investors accumulate Punjab Of Baroda BoB cKR Kamath chairman managing director said expects achieve banks guidance full year margins despite savings interest raPunjab countrys second largest PSU market cap reported net profit Rs 1205 crore second quarter FY12Indias second largest PSU market cap Punjab expected report profit tax Rs 1148 crore second quarter Indias second largest PSU market cap Punjab expected report profit tax Rs 1148 crore second quarter,114.29393
2011-01-25,Prakash Diwan Asit C Mehta Investment shares view Punjab BankPunjab may test Rs 1010 says Sudarshan Sukhani Technical Trends Public sector banks putoff earnings season Union Oriental Commerce disappointing says Sampath KumarSudarshan Sukhani Technical Trends view one buy Bata IndiaBuy Punjab says Sudarshan Sukhani Technical Trends,117.299072
2011-01-21,Dolat Capital bullish Punjab recommended buy rating stock target price Rs 1426 November 1 2,116.01558700000001
2011-01-14,Karvy Stock Broking bullish Punjab recommended buy rating stock target Rs 1250 November 2 2Sudarshan Sukhani Technical Trends feels one buy long term,115.36608899999999
2011-12-01,may slip 1520 says Suresh Ganapathy Banking Analyst Macquarie,103.383629
2011-11-01,The total business Punjab Kerala crossed Rs 7000 crore registering yoy growth around 30 December 2 2011 top,116.20116399999999
2011-08-01,Jet Airways may see declines says Sudarshan Sukhani s2analyticscom,128.152328
2011-07-01,Sr Technical Analyst Shardul Kulkarni Angel Broking view ICICI Punjab,125.249176
2011-06-01,Bulls Eye CNBCTV18s popular game show market experts come together dish trading strategies make week exciting,113.628983
2012-12-31,The worst seems Indian banks The third quarter OctoberDecember earnings according analysts tracking banks would spring ugly,115.60006000000001
2012-12-26,Angel Broking come quarterly earning estimates banking sector,111.77900700000001
2012-12-19,Nirmal Bang bullish Punjab recommended buy rating stock target price Rs 875 January 10 201Dolat Capital bullish Punjab recommended buy rating stock target Rs 1309 January 10 2012,112.91338300000001
2012-12-17,KRChoksey come December quarterly earning estimates banking sector According research firm Q3FY12 private sector banMotilal Oswal come December quarterly earning estimates financial sector,111.10900900000001
2012-12-13,target Rs 950 says Sudarshan Sukhani s2analyticscom,108.76064299999999
2012-10-12,According IIFL traders sell Punjab February futures Rs 911 stop loss Rs 931 target Rs 870 Jan,108.83361799999999
2012-07-12,test Rs 22502300 says Amit Harchekar IIFL,112.05763200000001
2012-06-12,Prakash Diwan Asit C Mehta Investment advice investors avoid PSU Banks,92.00048100000001
2012-04-12,Stateowned Punjab Banks third quarter OctoberDecember net profit moderated 55 yearonyear Rs 1150 crore back highPNB test Rs 910915 says Devangshu Dutta Consulting Editor Outlook,104.714729
2012-03-12,Interest earned quarter Rs 948103 crore net profit Rs 115004 croreThe Finance Ministry working financial implication Supreme Court judgement cancel 122 telecom licences banking sector,111.42758899999998
2012-11-30,Public sector banks exposure Rs 10000 crore telecom companies whose licences cancelled Supreme Court connectio,104.136902
2012-11-29,Angel Broking bullish Punjab recommended accumulate rating stock target Rs 1036 February 1,101.728851
2012-11-27,One go long Punjab says Sudarshan Sukhani s2analyticscom,100.096939
2012-11-22,Dolat Capital bullish Punjab recommended buy rating stock target price Rs 1238 February 1 2,97.350563
2012-11-19,The ministry finance MoF shortlisted 17 GMs different public sector banks promote level EDs Around 5060 GMs appeared,98.70384200000001
2012-11-16,On CNBCTV18s show Super Six market gurus Vishal Kshatriya Sr Derivative Technical Analyst Edelweiss Vishal B Malkan CMT wwwmalkansviewco,98.564545
2012-11-15,Abhijeet Power Ltd unlisted utility operational capacity 246 MW plans raise Rs 5920 crore debt 1320 MW coalfired power proj,101.264481
2012-12-11,State India countrys top lender issue shares federal government Rs 219169 piece raise Rs 79 billion st,110.06748999999999
2012-09-11,Sell says Sudarshan Sukhani s2analyticscom,90.889267
2012-07-11,On CNBCTV18s show Super Six market gurus Hemen Kapadia CEO chartpunditcom Vishal Malkan wwwmalkansviewcom Arunesh Madan Founder,114.49886299999999
2012-05-11,Punjab plans undertake capital infusion tune Rs 2360 crore maintain financial strength,85.471222
2012-01-11,Dolat Capital bullish Punjab recommended accumulate rating stock target price Rs 1205 March,101.031258
2012-10-31,Buy Punjab says Sudarshan Sukhani s2analyticscom,97.96749100000001
2012-10-30,Lenders engineering construction firm Hindustan Construction Company HCC referred total debt around Rs 7820 crore C,96.700455
2012-10-29,IIFL bullish Punjab recommended market performer rating stock target Rs 1016 March 26 201,100.216347
2012-10-25,According IIFL traders sell Punjab Future Rs 911 stop loss Rs 9315 target Rs 870 April 10 2,106.65111499999999
2012-10-23,On CNBCTV18s show Super Six market gurus Manas Jaiswal manasjaiswalcom Arunesh Madan Augment Investment Shardul Kulkarni Angel Broking,108.60143300000001
2012-10-19,Lenders public private sectors ranked higher two big loan restructuring cases referred Corporate Debt Restructuring CDR cell,109.165306
2012-10-18,Shardul Kulkarni SrTechnical Analyst Angel Broking bullish ICICI,110.33285500000001
2012-10-16,KR Kamath chairman Punjab says sees net interest margins NIM 350 ahead Sudarshan Sukhani s2analyticscom view investor hold long term perspectiveIndias second largest lender terms total business Punjab Wednesday reported 18 yearonyear jump fouPunjab board meeting held May 09 recommended annual dividend Rs 22 per equity share FY 201112Public sector lender Punjab expected report profit tax Rs 1334 crore fourth quarter FY12 growth 11,106.823586
2012-09-10,Ventura recommended hold rating Punjab May 11 2012 research report,91.068382
2012-08-10,Punjab good short says Devangshu Datta Consulting Editor Business Standard,95.698753
2012-05-10,On CNBCTV18s show Super Six market gurus Vishal Malkan CMT wwwmalkansviewcom Manas Jaiswal manasjaiswalcom Nooresh Merani AMSEC Res,86.429375
2012-01-10,On CNBCTV18s show Super Six market gurus Parag Doctor Head Trading Strategies Keynote Capital Manas Jaiwal manasjaiswalcom Arunesh Mad,98.661682
2012-09-28,could move higher current levels says Sudarshan Sukhani s2analyticscom,111.48712900000001
2012-09-27,SP Tulsian sptulsiancom view Arvind UCO SBIThe long wait came end shortstaffed public sector banks The ministry finance department financial services Monday finalized,110.571655
2012-09-26,Advance tax collection top 100 companies grew Rs 33089 crore rise mere 5 annual targetted growth rate 15 lead corpo,110.571655
2012-09-25,Bulls Eye CNBCTV18s popular game show market experts come together dish trading strategies make week exciting,109.264816
2012-09-21,Emkay Global Financial Services come June quarterly earning estimates Banking Financial Services sector According researc,111.082458
2012-09-20,Angel Broking come June quarterly earning estimates banking sector The research firm expects margins come pressure 1Business conglomerate Tata groups investment arm acquired fresh shares least two banks Baroda Andhra increased,105.529991
2012-09-18,Led staterun banks set report increased strains asset quality banking sector set see profits decline 11 Q1 sequeDolat Capital come June quarterly earning estimates banking sector According research firm banks likely post 27 YoY,106.51179499999999
2012-10-09,Prabhudas Lilladher come June quarterly earning estimates banking financial services sector According research firm Q1FY13,105.092171
2012-04-09,Q1 results July 27 2012,104.565559
2012-03-09,Shardul Kulkarni Angel Broking view Punjab State IndiaJitendra Panda Future Capital view may see correctionOn CNBCTV18s show Super Six market gurus Vishal Malkan wwwmalkansviewcom Shardul Kulkarni Angel Broking Arunesh Madan Founder Dir,109.895668
2012-08-29,On CNBCTV18s show Super Six market gurus Vishal Malkan wwwmalkansviewcom Shardul Kulkarni Angel Broking Arunesh Madan Founder Dir,88.381699
2012-08-28,In interview CNBCTV18 Rakesh Sethi ED Punjab said review lending rates deposit rates come According tDevangshu Datta Consulting Editor Business Standard view one short Baroda Punjab Union Vaibhav Agrawal Banking Analyst Angel Broking gives opinion first quarter results banks interview CNBCTV18 Agrawal feelStateowned lender Punjab Banks net profit increased lower expected 1276 yearonyear Rs 1246 crore quarter ended MaVaibhav Agrawal Angel Broking feels Punjab like public sector undertakings reported increase gross,89.668655
2012-08-13,Prabhudas Lilladher bullish Punjab recommended accumulate rating stock target Rs 850 July 27,95.413498
2012-10-08,State India today lowered interest rates domestic term deposits maturity five years 025 850PNB revises rate interest term deposit,105.662674
2012-08-08,Aviation companies owe Rs 40621 crore banks June 2012 outstanding loan countrys largest lender Rs 5000 crore,98.365532
2012-06-08,Public sector Punjab today ruled reduction lending rates wake high inflation increased cost fuPunjab Thursday ruled reduction lending rates wake high inflation increased cost funds,89.734169
2012-02-08,SP Tulsian sptulsiancom positive,112.53492
2012-07-30,The role factoring business yet gain ground India wherein small medium enterprises SMEs struggle get funding support banks,96.932632
2012-07-27,SP Tulsian sptulsiancom expecting bounce back may sharp upmove 58 September series PSU banking stocks like BOBShort Punjab says Sudarshan Sukhani s2analyticscom new lows The chances go much lower Interest rates retail offerings including home auto education personal loans likely see moderation Some banks already slash,94.843002
2012-07-20,Punjab test Rs 800 fourfive months limited downside says SP Tulsian sptulsiancom They highestSP Tulsian sptulsiancom picked Punjab Brigade Enterprises multibaggers day,108.714211
2012-07-19,Stateowned Punjab today slashed interest rates home loan car loans 05,109.284714
2012-07-16,Stateowned Dena today announced reduction interest rates car education loans 2Stateowned Indian reduced interest rates home car loans 05 increase disbursements segmentsGoldman Sachs upgraded Indian banks neutral cautious citing favourable riskreward public sector stock prices gap betw,113.125671
2012-09-07,PFC top picks banking power space says SP Tulsian sptulsiancom,90.650452
2012-02-07,Shares public sector banks power generation companies running past week hopes cabinet close agreeing,112.775894
2012-06-26,SP Tulsian sptulsiancom advice traders enter PFC REC lower levelsMehraboon Irani Nirmal Bang Securities told CNBCTV18 restructuring plan need hour critics may claim onetime sett,103.619476
2012-06-19,Buying opportunity seen HDIL says Sudarshan Sukhani s2analyticscomSP Tulsian sptulsiancom says continuously cement liking sector In last 45 days ACC Ambuja Cement moving,99.433563
2012-06-18,Vijay Mallya owned Kingfisher Airlines failed assure lenders concrete solution repayment debt meeting held Thursday,100.866463
2012-06-13,In bid ensure enough credit agriculture sector government decided give interest subsidy 2 year state owned banks farm,93.42336999999999
2012-12-06,SP Tulsian sptulsiancom says post monsoon things turning good cement stocks In monsoon season cement compa,109.191841
2012-11-06,Biocon likely outperform says Sudarshan Sukhani s2analyticscom It excellent stock willing make new highs,100.50161
2012-05-28,Manoj Murlidharan AVPDerivatives IIFL advice traders short Axis,85.981865
2012-05-17,The debtladen Kingfisher Airlines owes 17 banks Rs 7000 crore pose systemic risk RBI Deputy Governor K C Chakrabarty saiIn CNBCTV18s popular show Bulls Eye Aashish Tater FortuneWizardcom shares trading strategy dayBulls Eye CNBCTV18s popular game show market experts come together dish trading strategies make week exciting,82.562309
2012-05-16,Dolat Capital come September12 quarterly earning estimates financial sector According research firm banks asset quality wAngel Broking come September12 quarterly earning estimates banking sector According research firm banking stocks remained unAll listed companies declare results quarter ending September 30 2012 In interview CNBCTV18 Vaibhav Agrawal Angel BrokSell Punjab says Sudarshan Sukhani s2analyticscom,81.39760600000001
2012-05-14,India move Rs 330 says Shardul Kulkarni Angel BrokingAnanda Bhoumik India Ratings Research however feel likelihood ratings downgrade banks stage He acknowlVijay Sarathi banking analyst Nomura India says PSU banks incremental delinquencies levels Q1 FY13,83.061485
2012-12-05,Motilal Oswal come September quarterly earning estimates Financials sector According research firm banking coverage universeThe State India started reaping benefits retail rate cuts freebies Since cut interest rates last August banking behemothEmkay Global Financial Services come September quarterly earning estimates Banking Financial Services sector According,108.0243
2012-10-05,In weeks Know Your Investment Aditya Damani CFA Director KM Global Financial Services teams moneycontrolcom help investors mak,108.67440800000001
2012-09-05,Sell Sesa Goa says Sudarshan Sukhani s2analyticscomIn interview CNBCTV18 Vaibhav Agrawal Angel Broking analysed Axis second quarter results He also gave preview numbers,88.739944
2012-07-05,Stockanalyst SP Tulsian sptulsiancom explains CNBCTV18 market remain due Nifty advises investors bet Maru,112.196945
2012-04-27,In interview CNBCTV18 Vaibhav Agrawal Angel Broking reviews financial performance various banks second quarter,95.701149
2012-10-04,Sudarshan Sukhani s2analyticscom advice traders avoid Punjab current levelsSP Tulsian sptulsiancom says may disappoint market due fear asset quality However ICICI may surprise market pos,110.46553
2012-05-04,Even Kingfisher lifted lockout questions remained whether lenders restructure beleaguered airlines Rs 7000 crore loanSudarshan Sukhani s2analyticscom advice traders avoid Talwalkars Better one sell stocks like IOB Baroda current leveShares State India fall 12 percent concerns potential increase bad loans JulySeptember quarter staterun bPunjab came Q2 results today The banks net profit fell 116 percent yearonyear Rs 1065 crore Q2 The bankPunjab support Rs 700 says Vaibhav Agrawal Angel Brokingmindra Hazari Nirmal Bang Securities believes aggressive growth credit profile resulted PNBs declining profits However sIndias second largest stateowned lender terms total book size Punjab Banks second quarter JulySeptember net profit fell nIn interview CNBCTV18 Sampath Kumar IIFL Institutional Equities outlined expectations private sector lender ICICI Banks second quIn CNBCTV18s popular show Bulls Eye Sharmila Joshi sharmilajoshicom shares trading strategy dayPublic sector lender Punjab Banks profit tax expected remain flat around Rs 1218 crore second quarter current finaAvoid Hexaware Technologies says Sudarshan Sukhani s2analyticscomBulls Eye CNBCTV18s popular game show market experts come together dish trading strategies make week exciting,92.281609
2012-03-27,Punjab Banks second quarter JulySeptember net profit fell nearly 12 yearoryear Rs 1066 crore 201213 Provisions bad l,106.177773
2012-03-26,In interview CNBCTV18 Vaibhav Agrawal Banking Angel Broking reviewed second quarter earnings public sector lender India The In CNBCTV18s popular show Bulls Eye Aashish Tater FortuneWizardcom shares trading strategy dayDolat Capital bullish Punjab recommended accumulate rating stock target Rs 892 October 29 2Private sector banks like Axis Yes ICICI declared second quarter results Vishal Goyal executive director UBS SecurBulls Eye CNBCTV18s popular game show market experts come together dish trading strategies make week exciting,104.577034
2012-03-19,Sudarshan Sukhani s2analyticscom view one short sell Baroda Punjab However HDFC good buyMotilal Oswal bullish Punjab recommended buy rating stock target Rs 830 October 29 2012 resState India Punjab may continue show underperformance says Siddharth Bhamre Angel Broking,106.424507
2012-03-15,Emkay Global Financial Services bearish Punjab recommended reduce rating stock target Rs 610,114.370911
2012-03-14,Angel Broking bullish Punjab recommended accumulate rating stock target price Rs 843 October,117.796181
2012-12-03,Indias largest lender State India implement cheque truncation system CTS 2010 new standard cheques mandated b,103.891449
2012-07-03,Reliance Capital Purvankara posted results today While Reliance Capital made profit Rs 400 crore including sale 26 percen,110.0476
2012-02-27,Vijay Mallya lose controlling stake United Spirits USL Diageo Group acquired 534 state comapny USD 2 billion SP T,104.29588299999999
2012-02-23,The muhurat trading session conducted 75 minutes tomorrow Diwali day NSE BSE Moneycontrolcom got Vivek K Negi VP Sell Punjab keep tight stop loss It also important see context market If market willing go,115.06513999999999
2012-02-22,In CNBCTV18s popular show Bulls Eye Aashish Tater FortuneWizardcom shares trading strategy dayBulls Eye CNBCTV18s popular game show market experts come together dish trading strategies make week exciting,117.824867
2012-02-17,SP Tulsian sptulsiancom recommends investors book profits Tata Coffee shares surged today The stock hit Rs 155770 NSE,123.52791599999999
2012-02-16,With September quarter earnings season concluded analysts taking stock numbers hits missesAs market enters another volatile week cherry picked stocks SP Tulsian sptulsiancom,121.250153
2012-08-02,The Securities Appellate Tribunal SAT directed Sebi complete probe Investment Services IPO matter within two months fa,96.667282
2012-07-02,The prospect revival debtridden Suzlon Energy brightened Finally banks admitted companys 11000 crore loans corporate debt r,107.99776499999999
2012-04-02,appoints Ms Beetal Financial new Share Transfer Agent,106.602364
2012-03-02,The finance ministry majority stake holder stateowned banks directed public sector lenders strengthen recovery process,109.43668400000001
2012-02-02,revises interest rates FCNRB deposits,109.33339699999999
2012-01-31,Punjab may slip Rs 695 says Jai Bala cashthechaoscom,107.996559
2012-01-30,Buy Punjab says Sudarshan Sukhani s2analyticscom It trading range verge breaking trading,109.61453999999999
2012-01-25,Union looking good current levels says Sudarshan Sukhani s2analyticscom,114.858597
2012-01-24,top picks says Atul Badkar Edelweiss Securities,115.04793500000001
2012-01-23,Sudarshan Sukhani s2analyticscom view verge moving Rs 850 one buy stock one buy,110.285812
2012-01-13,Credit ratings agency Moodys lowered rating outlook Punjab Baroda stable negative account,102.68366999999999
2012-11-01,Manoj Murlidharan Vayalar IIFL PReMIA view Power Finance Corporation go upto Rs 202,99.72545600000001
2012-10-01,According IIFL traders buy Punjab January future Rs 8635 target Rs 9035 stoploss Rs 8435Banking financials stocks gained Banking Bill cleared Lok Sabha yesterday Experts believe new Banking Amendment Bill would pave,110.34612299999999
2013-02-01,Sanjay Dutt Director Quantum Securities advises accumulate Punjab correction PSU theme play 201415 jusAccording Sudarshan Sukhani s2analyticscom one may buy Punjab dipsManas Jaiswal manasjaiswalcom suggests buying Future Retail target Rs 77 India target Rs 240,119.387947
2013-01-01,Gopi Suvanam Founder InvestWorks suggests going long State India shorting Punjab,118.406158
2013-12-26,canara bob looking good say sudarshan sukhanic choksi come report new year pick reliance capital jsw energy india punjab aditya birlajitender kumar sbicap security bullish jindal steel power baroda punjab banksee upside punjab say siddharth bhamre angel brokingshow super six market guru vishal malkan arunesh madan augment investment vishal kshatriya edelweiss p,101.38744399999999
2013-12-16,upside seen bob canara sbi say sudarshan sukhani,91.34404
2013-11-12,fair trade regulator cci approved per cent stake purchase punjab metlife india insurance comppunjab appointed six chartered accountant firm statutory central auditor year,81.62383299999999
2013-02-12,punjab today said received regulatory approval acquiring percent stake metlife india insurance following thpunjab received regulatory approval including ccl acquiring stake metlife india insurance closingpublic sector lender punjab rose much percent intraday friday foreign research firm clsa upgraded,114.19369499999999
2013-11-29,finance ministry asked public sector review exposure operation like insurance venture conserve capital pro,88.863487
2013-11-21,punjab capability test r level next month say kunal bothra lkp,83.62767
2013-11-19,angel broking come quarterly earning estimate banking sector research firm continues prefer private given,88.709969
2013-11-14,interview rajiv mehta iifl india said broking firm bullish indian banking sector particularly private,84.16902900000001
2013-11-13,january punjab acquired stake metlife india insurance ltdpunjab may slip r say anil manghnani modern share stock broker,81.615753
2013-10-29,punjab informed regarding update issuance equity capital preferential basis government india egm march,81.284477
2013-10-28,public sector lender punjab set announce result third quarter financial year analyst averagepunjab attractive bet say sudarshan sukhani,77.551537
2013-10-25,good investment bet say dilip bhat joint md prabhudas lilladherinterview vaibhav agrawal angel broking reviewed icici punjab union resultpunjab announced result today beat street estimate interview nitin kumar quant brokingcountry second largest public sector lender punjab surprised street third quarter earnings,80.258324
2013-10-24,see upside punjab say sudarshan sukhani,79.93512700000001
2013-10-18,baroda looking good amongst say pramod gubbi sale ambit capitalglobal insurance major metlife tie punjab seen precursor bigger plan companybank net profit dropped nearly percent r crore quarter ending december dented,76.840492
2013-09-10,ananda bhoumik india rating say new debt restructuring norm announced rbi strengthen lending proces,74.941704
2013-09-23,number psu stock country three stock index sensex nifty sx far indicating growing clout priva,78.189842
2013-09-20,finally put end lingering loan recast issue debt ridden kingfisher airline kfa decided recall loan comp,83.312546
2013-09-16,lender wednesday took first step initiate legal process recovering loan nearly r crore kingfisher airline kfavivek gupta partner bmr advisor clearly considers entire situation messy according certainly hierarchy dema,82.10863499999999
2013-04-09,ministry finance set fill vacancy top job nine individual lender interviewed executive dir,91.499573
2013-08-21,show super six market guru vishal malkan arunesh madan augment investment vikrant jadeja place bet,77.454567
2013-08-20,reserve india friday fueled enough optimism india inc mostly bruised economic blue apply new banking lic,77.284897
2013-08-19,l bhel ril sbi top pick say ambareesh baliga market expert,77.503052
2013-07-08,exchange informed shareholder meeting held march unanimously passed special resolution issue,100.23200200000001
2013-07-30,two state owned lender punjab india boi today said received capital infusion r crore follopunjab informed bse receipt allotment money r government india march,91.449074
2013-07-26,show super six market guru rajesh jain religare sec manas jaiswal shardul kulkarni angel broking place thei,95.973854
2013-07-25,punjab submitted bse copy minute extra ordinary general meeting egm shareholder held march,101.104637
2013-07-22,renewed buying seen acc ambuja cement say sp tulsian,104.288155
2013-07-15,sudarshan sukhani advised switching central india state india baroda punjab,107.01109299999999
2013-11-07,punjab top pick banking space say manoj murlidharan iifl,88.160538
2013-03-07,motilal oswal come quarterly earning estimate financial sector research firm expects reform monetary easing co,107.546654
2013-01-07,towards end financial year seasoned chairman believed apply shrewd trick business turn help achieve rbi,119.779335
2013-06-28,dipen sheth research hdfc security see value punjab current level according stock ha,105.17694099999999
2013-06-24,one see upside say sudarshan sukhani,104.82141899999999
2013-06-20,vk sharma hdfc security advised buying tata steel call put lost three percent whereas tata steel gained two percen,111.18843799999999
2013-12-06,second round cobrapost sting operation evoked immediate response across spectrum rajiv takru secretary department financial ser,96.458656
2013-05-06,aftermath cobrapost lender including bob idbi tuesday suspended cumulatively five official allegedly involsudarshan sukhani feel punjab selling opportunity according rally would probably per,98.033836
2013-05-30,sp tulsian said keeping negative view nifty somebody may look level next one weekdespite punjab fourth quarter net profit declining nearly percent vaibhav agarwal angel broking find stock interegister member share transfer book punjab remain closed june june day inclusive fopunjab meeting held may recommended annual dividend r per equity share r fypunjab fourth quarter january march net profit declined nearly percent r crore higher provision,105.87496200000001
2013-05-29,sudarshan sukhani said would buyer psu generally still represent shorting opportunityparag doctor head trading strategy keynote capital ltd expects rally continue towards r maybe even r level curren,106.418922
2013-05-28,portfolio manager pn vijay disappointed way psu reported earnings punjab fourth quarter performance rai,107.533409
2013-05-20,one prefer kotak mahindra punjab say sudarshan sukhani,110.850296
2013-05-15,according sp tulsian view one book profit punjab,109.118866
2013-05-14,universe company diversified nature bse index likely default debt obligation estimated around r lakh croconsortium mostly lender face prospect losing r crore three foreign lender troubled,101.602814
2013-09-05,rbi increased provision new restructured standard loan percent effect june existing percent th,71.52388
2013-07-05,hdfc may slip current level say sudarshan sukhani,101.031914
2013-06-05,amit gupta derivative icici direct feel punjab may drift towards r level breached con,101.470139
2013-04-05,annual general meeting agm punjab held june,95.493103
2013-04-22,sudarshan sukhani recommends selling public sector undertaking psu like punjab baroda bobstate india sbi directed consumer forum pay r customer violating rbi norm refunding,103.679176
2013-04-18,sp tulsian say banking stock like state india india punjab look good,101.695686
2013-04-17,reserve india rbi monday issued master circular revising certain guideline related know customer kyc policy,99.17485
2013-04-16,concerned rising bad loan finance minister p chidambaram wednesday asked focus top defaulter take action,98.239487
2013-03-04,shardul kulkarni angel broking recommends selling punjab public sector undertaking psu banking stock clearly par,103.718987
2013-03-25,reserve india rbi monday slapped penalty nearly r crore among violation know customer kyc anti money,96.07024399999999
2013-03-22,kunal bothra lkp view one may see punjab around r next two three day,96.488167
2013-03-19,motilal oswal expects punjab report percent degrowth degrowth percent net profitnirmal bang expects punjab report percent growth growth percent net profit r,102.153412
2013-03-18,according rakesh sethi term deposit also growing good percent whereas credit growth muted extent theref,105.410591
2013-06-03,punjab informed outcome annual general meeting agm held july,100.747047
2013-04-03,finance stability development council fsdc super regulator popularly known market parlance expressed concern,96.428467
2013-02-25,rajesh jain religare security advice buying ranbaxy laboratory target r selling dlf target r,112.077522
2013-02-20,reserve india rbi wednesday authorized commercial accept payment income tax due mumbai state india,114.923424
2013-02-18,rakesh gandhi frr share suggests selling punjab target r buying tech mahindra target r,112.800606
2013-02-13,sudarshan sukhani recommends staying invested punjab,112.833771
2013-12-02,sahil kapoor edelweiss advises shorting punjab around r target r may keep stoploss r,89.833084
2013-08-02,shardul kulkarni angel broking recommends selling punjab october future stoploss r,84.637665
2013-07-02,manoj murlidharan vayalar iifl recommends buying punjab target r stoploss r,105.88798500000001
2013-04-02,brokerage recommend shorting lic housing finance selling punjab,98.61097
2013-01-02,sudarshan sukhani advises selling hcl technology indian oil corporation ioc buying punjab,120.13756599999999
2013-01-31,sp tulsian negative banking stock expects profit booking baroda,121.013222
2013-01-30,punjab approved issuance equity share face value r amount r crore price may b,110.604836
2013-01-17,mehraboon irani principal pvt client group business nirmal bang security recommends buying public sector undertaking psu devishal malkan malkansview advises holding punjab stock may go r next couple quarter addkr kamath cmd punjab expect loan recast pipeline taper going forwardreference earlier announcement dated october regarding issuance equity capital preferential basis government india,118.15406000000002
2013-01-16,shardul kulkarni angel broking view one may see percent downside public sector undertaking psu current level,117.145729
2013-01-14,gross npa september quarter stood r crore percent higher compared r crore march quartergopi suvanam founder investworks prefers state india sbi punjab,120.13091299999999
2013-10-01,comply regulatory norm brokerage jaypee capital service ltd sold percent stake bourse ncdex thtrouble abg shipyard continue lender opposed country largest private shipbuilder propo,74.642738
2013-07-01,punjab informed extra ordinary general meeting egm held decemberambareesh baliga edelweiss financial service recommends buying punjab baroda lower level,108.069572
2013-04-01,hemant thukral aditya birla money view punjab may touch r,96.176384
2013-03-01,nooresh merani analyse india advises buying nalco target price r chambal fertiliser target price r,104.634445
2013-02-01,punjab informed extraordinary general meeting egm held december clause,119.387947
2013-01-01,manas jaiswal suggests buying future retail target r india target r,118.406158
2014-12-31,vikas khemani president wholesale capital market edelweiss capital advises buying punjab uco percent co,213.696198
2014-12-22,punjab submitted copy minute general meeting egm held december,217.84137
2014-12-16,rakesh sethi ed punjab say end second quarter said worst expectation havreview december quarter result reveal bad loan psu seem stabilised latha venkatesh report detail npaheavy day financial earnings today couple came showed interesting set numbershubham agarwal head technical research motilal oswal security advises selling punjab pullback around rnet profit fell r crore r crore account higher provision tax expense lower incomepunjab informed fixed february record date ascertain entitlement shareholder receiveaccording shardul kulkarni angel broking punjab may test r lower sidesp tulsian feel punjab may slip rpunjab radar part nifty well nifty coming number today e,209.08284
2014-05-12,shubham agarwal motilal oswal security recommends selling punjab target r,162.910416
2014-11-28,gopi suvanam founder investworks view one may avoid banking space,209.170639
2014-11-26,punjab raised r crore capital tier ii basel iii compliant bond,189.08844
2014-11-24,hemen kapadia kr choksey security suggests buying jubilant foodworks target r punjab target r,192.404602
2014-11-21,regulatory approval punjab sold entire stake credit information bureau india cibil transunion international,190.639236
2014-11-19,deven choksey md kr choksey share security prefers baroda state india punjab psu banking space,187.859528
2014-07-11,gopi suvanam founder investworks view punjab good bet within banking space,170.586319
2014-04-11,punjab informed term department financial service ministry finance govt india letter dated march,152.045181
2014-10-31,next year government give capital may think right issue looking big capital next fiscal chairman managing dir,181.578354
2014-10-30,consortium led state india outstanding debt r crore vijay mallya kingfisher aiaccording gautam chhaochharia head india research ubs security one may prefer punjab bankpritesh mehta senior technical analyst iifl advice buying jindal saw target r cesc target r,178.64260900000002
2014-10-29,bhavin desai motilal oswal security recommends buying call advises selling call,176.496872
2014-10-21,punjab raised r crore capital basel iii compliant bond,181.890472
2014-10-20,punjab informed regulatory approval sold entire percent stake india factoring financial solution,186.377014
2014-10-16,punjab raised r crore capital basel iii compliant bond aprilambareesh baliga edelweiss financial service prefers state india punjab baroda,178.866928
2014-10-13,abhijit paul alphative advisor view one may book profit punjab around r,179.520401
2014-09-26,krish subramanium asit c mehta investment intermediate view one may book profit punjab natiobal,174.575455
2014-09-25,punjab opened new branch across country mark foundation day started operation,169.728027
2014-09-24,sudarshan sukhani recommends buying hero motocorp punjab maruti suzuki,180.84686299999998
2014-09-22,sudarshan sukhani recommends buying punjab one better within psu banking space advises,192.980042
2014-09-16,kunal bothra lkp security suggests buying dewan housing finance corporation target r zee entertainment enterprise,188.06436200000002
2014-09-15,nitin kumar banking financial analyst quant capital upbeat psu like boi bob,194.998978
2014-09-09,amit trivedi recommends buying punjab advises selling baroda,185.567474
2014-04-09,sudarshan sukhani recommends buying stock may outperformvishal kshatriya edelweiss suggets buying axis target r baroda target r,152.63038600000002
2014-01-09,sp tulsian advises exiting punjab around rvaibhav agarwal belief recent outperformance nothing expectation result basic theme right elecprovisioning bad loan rose per cent r crore quarter r crore period year ago,97.791847
2014-08-22,normally consortium lending individual take decision later endorsed group lender well case,192.033966
2014-08-19,krchoksey bullish punjab recommended accumulate rating stock target r may,182.875565
2014-08-14,psus expected see higher operating leverage faster improvement roe going ahead say macquariepritesh mehta iifl recommends buying cummins india target r arvind target r,177.579483
2014-12-08,hemen kapadia kr choksey security recommends buying hdfc target r aurobindo pharma target r,216.622208
2014-07-08,chairman chief executive mushtaq ahmed last october said lender considering fully exit investment,181.83194
2014-07-30,aditya agarwal security advises buying dr reddy laboratory target r selling punjab target,190.844055
2014-07-28,punjab informed annual general meeting agm held june,183.324219
2014-07-25,hemen kapadia kr choksey security advises buying adani enterprise target r ambuja cement target r,180.18364
2014-07-15,parag thakkar hdfc security prefers state india punjab baroda,180.84686299999998
2014-07-07,following measure brokerage expecting stock expected benefit budget,189.18598899999998
2014-04-07,dhirendra tiwari antique institutional equity prefers punjab baroda psu banking space,146.749115
2014-02-07,punjab informed regarding proceeding annual general meeting held juneaccording bnp paribas excluding oil marketing company company track likely grow percent basis,89.800758
2014-01-07,interview gauri shankar ed discus result future plan,97.33129100000001
2014-06-30,sudarshan sukhani recommends buying punjab,193.545746
2014-06-16,prabhudas lilladher bullish punjab recommended accumulate rating stock target r july,184.66043100000002
2014-05-06,ambareesh baliga independent market expert view one may stay away psu,153.205826
2014-05-28,krchoksey bullish punjab recommended accumulate rating stock target r july,189.634628
2014-05-26,according report dna quoted finance ministry r crore loan sanctioned union india ubi withdrawn depos,199.524551
2014-05-22,sudarshan sukhani recommends buying ultratech cement punjab havells indiaunited part consortium lender bhushan steel part additional lending company said deepak narang ed,192.160767
2014-05-14,pritesh mehta senior technical analyst iifl recommends holding state india stock may test rpritesh mehta senior technical analyst iifl view punjab may test rvk sharma hdfc security recommends buying punjab call state india call,162.76413
2014-05-13,united declared kingfisher airline promoter vijay mallya process sending formal,156.102585
2014-12-05,punjab raising r crore basel iii compliant bond annual coupon private placement basis septembermarket expert ambareesh baliga cautious public sector undertaking psu,218.85571299999998
2014-08-05,manas jaiswal recommends buying punjab stock may test r next one two trading session,190.48318500000002
2014-06-05,hemant thukral aditya birla money view punjab may test r,193.896866
2014-04-28,parag thakkar hdfc security prefers state india baroda punjab largecap psu bankcredit growth around percent currently expected touch percent end,155.244278
2014-04-23,watch interview p phani sekhar fund angel broking kunal bothra head advisory lkp sumaira abidi nigelbank hurry raise capital modus operandi fixed post equity infusion plan say kr kamath cmd punja,157.038895
2014-04-21,yogesh mehta motilal oswal view punjab may test rsupreme court said order become operational six month inquiry coal block allocation case likely continue,157.077911
2014-09-04,rajat bose view one may avoid punjab india,183.860641
2014-04-04,sudarshan sukhani recommends buying glenmark pharma punjab tata consultancy service,146.63206499999998
2014-03-04,mayuresh joshi vice president institution angel broking bullish stance axis icici,110.369064
2014-03-31,punjab missed street expectation parameter second quarter ending september owing higher employee provisionpunjab missed street expectation parameter second quarter net profit rising percent expected growthprofit increased r crore quarter r crore quarter last year due higher income,145.110535
2014-03-28,dolat capital bullish punjab recommended accumulate rating stock target r october,146.349213
2014-03-25,siddarth bhamre angel broking view one may avoid midcap space,130.558517
2014-03-13,brokerage house religare capital bullish punjab recommended rating stock target price rkrchoksey bullish punjab recommended accumulate rating stock target price r october,120.210197
2014-11-03,amit harchekar chief technical strategist plus analytics recommends shorting punjab target rbrokerage house prabhudas lilladher bullish punjab recommended rating stock target price,185.245621
2014-07-03,vishal kshatriya edelweiss advises buying idea cellular target r punjab target r,193.30191000000002
2014-02-28,sudarshan sukhani view one may take positional trade punjab stock verge sig,107.716148
2014-02-24,top stock keep eye november hdfc apollo hospital itc mcx ongc greenply industry siemens sbi lanco,105.17051699999999
2014-02-20,vk sharma head private broking wealth management hdfc security recommends buying call,103.61972800000001
2014-02-18,rahul shah motilal oswal security recommends buying punjab target r,105.921524
2014-06-02,kunal bothra lkp security view punjab may test r,190.824539
2014-01-31,watch interview kunal bothra head advisory lkp security shared reading outlook specific stock sector feroze azeeztop stock focus december infosys tv motor hindustan petroleum corporation limited hpcl indian oil corporation ioc sta,88.483734
2014-07-01,mayuresh joshi angel broking view baroda state india india canara punjab look,194.38453700000002
2015-12-31,gaurav bissa derivative analyst lkp security view one may stay invested state indiagaurav bissa derivative analyst lkp security view one may stay invested punjab bankbanker retreat gyan sangam saw banking official conduct various seminar group discussion key issue ensuring greatertop stock focus january infosys indiabulls housing sbi manjushree tech ashok leyland ttml cadila health l,115.699997
2015-12-30,rajat bose advises buying punjab,117.800003
2015-12-29,harendra kumar elara capital prefers punjab psu banking spaceaccording harendra kumar elara capital one may prefer axis punjab,120.0
2015-12-28,airline stated much money borrowed could reached comment also could reached commentvibhav kapoor il f overweight psu banking space advises investing,120.449997
2015-12-24,manas jaiswal recommends selling tata steel punjab,120.099998
2015-12-22,mahantesh sabarad deputy sbicap security view one may prefer,120.650002
2015-12-21,siddarth bhamre angel broking recommends shorting state india punjab,122.550003
2015-12-15,sudarshan sukhani recommends buying indraprastha gas asian paint,121.550003
2015-12-14,suzlon said repay domestic term loan worth r crore proceeds sale german arm senvion,124.699997
2015-08-12,amit harchekar plus analytics view may test r,152.699997
2015-01-12,nooresh merani ceo analyse india view one may stay invested punjab,203.796524
2015-11-30,sudarshan sukhani view one may look state india punjab baroda,144.399994
2015-11-27,siddarth bhamre angel broking view one may look sbi icici,144.300003
2015-11-26,net profit r crore quarter financial year gross npa percentage tot,139.949997
2015-11-24,sudarshan sukhani advises buying punjab one may prefer maruti suzuki,138.0
2015-11-23,punjab informed bse raised r crore basel iii compliant perpetual debt instrument nature,138.800003
2015-11-18,would issue crore share price r apiece government raising r crore form equity capital,136.149994
2015-11-17,sudarshan sukhani view one may look suzlon energy,140.850006
2015-11-16,top stock focus february wockhardt federal bharti airtel idea cellular reliance communication state india p,140.149994
2015-09-11,r sreesankar head institutional equity prabhudas lilladher view one may look financial service,134.5
2015-06-11,interview jignesh shial banking analyst idbi capital share view announcement change psutop stock focus february gmr infra century textile baroda punjab india canara idbi b,129.183289
2015-05-11,amit harchekar plus analytics advises shorting punjab current level,145.422653
2015-10-29,top stock focus march punjab ashok leyland cairn india reliance infrastructure pipavav defence jinda,128.850006
2015-10-21,chandan taparia anand rathi security recommends selling hindalco industry punjab,135.75
2015-10-20,manoj murlidharan religare security recommends buying state india target r punjab target r,138.199997
2015-08-10,top stock focus march top stock focus march idea unitech sbi dlf fortis jp associate uco,159.100006
2015-07-10,top stock keep eye march icici infosys jspl usha martin cnx psu index india gujarat fluoro ta,145.100006
2015-09-30,according mayuresh joshi angel broking one may stay invested punjab,133.25
2015-09-28,sudarshan sukhani recommends shorting oriental commerce punjab dena andhra uco,134.850006
2015-09-24,chandan taparia anand rathi security recommends selling punjab coal india,135.850006
2015-09-18,manas jaiswal recommends buying biocon advises selling pnbsameet chavan angel broking view one may exit punjab around rsiddarth bhamre angel broking view one look india punjab larsen toubro,138.550003
2015-09-16,watch interview mayuresh joshi angel broking answer stock query kalpesh ashar full circle financial planner advisorpunjab informed bse capital fund tune r crore received govt india marchtop stock keep eye april hpcl hcl tech jp power zuari agro chambal fertiliser gammon infra eclerx kalpataru pow,136.5
2015-09-14,mayuresh joshi fund manager pm angel broking view axis yes top picksudarshan sukhani view one may exit india cement punjab,137.199997
2015-10-09,kunal saraogi equityrush recommends buying punjab century textile industrypunjab submitted bse copy minute extraordinary general meeting egm shareholder held march,138.149994
2015-04-09,tushar mahajan head listed future option india nomura financial advisory view one may prefer icici state,157.955719
2015-01-09,vineet bhatnagar md phillip capital view one may keep india punjab state india portfolio,201.504486
2015-08-31,vk sharma hdfc security recommends buying dlf put put tv motor company put,144.850006
2015-08-24,dipan mehta member bse nse view one may look state india,142.600006
2015-08-19,sudarshan sukhani view one may prefer punjab yes,168.0
2015-08-18,mehraboon irani nirmal bang security view one may look indusind bankdevang mehta anand rathi financial service view one may prefer private sector,170.600006
2015-08-17,even single big account pipeline far restructuring concernedpunjab reported disappointing set number fourth quarter net profit falling percent r crorepunjab disappointed street friday fourth quarter profit falling percent r crore dented l,173.300003
2015-08-13,krchoksey bullish punjab recommended accumulate rating stock target price r researchkrchoksey bullish punjab recommended accumulate rating stock target price r research,152.850006
2015-07-08,according parag jariwala research banking financial service religare capital reason excited,142.449997
2015-07-31,punjab informed annual general meeting agm held june,151.0
2015-07-30,kotak institutional equity bullish four private one public post fourth quarter number,151.100006
2015-07-29,dipan mehta member bse nse view one need get neutral slightly underweight,137.649994
2015-07-28,gaurav bissa lkp security recommends buying ashok leyland titan company advises selling punjab,141.850006
2015-07-22,department financial service earlier sought application post md ceo punjab baroda indiaram sangapure ed punjab said already made capital requirment presentation government,139.050003
2015-10-07,mehraboon irani nirmal bang security view kec international still good bet,138.949997
2015-09-07,bhushan steel ltd bsl received lender approval restructuring r crore loan scheme reserve bankexpect around percent profit tax pat growth private stable operating profit ppop growth p,127.900002
2015-08-07,move aimed improving ease business exporter importer commerce secretary rita teaotia said step help exp,159.899994
2015-07-07,union friday demanded merger beleaguered lender dhanlaxmi nationalised alleging mismanagement,145.100006
2015-06-30,account wilful defaulter reported rbi list updated website rbi punjab execugauri shankar md ceo punjab spoke post quarterly result announcement,138.800003
2015-08-06,sudarshan sukhani recommends staying punjab union indiabank also talking lending partner carrying swap would dilute stake existing shareholder,161.949997
2015-04-06,sudarshan sukhani view one may avoid psu feel private sector name opportunity,144.983734
2015-05-28,according rajat bose punjab may touch r sustains r baroda may slip r,152.396301
2015-05-27,manav chopra networth stock broking advises buying siemens target r,149.470291
2015-05-13,declared dividend percent face value r per sharevk sharma hdfc security recommends buying punjab call,141.277466
2015-11-05,pritesh mehta iifl recommends selling punjab stock may head lower test r,129.600006
2015-08-05,hemant thukral aditya birla money view one may prefer union canara feel psu may move percentsudarshan sukhani view one may avoid barodasandip sabharwal view one may prefer punjab union india baroda state,159.0
2015-04-27,two lender among public sector including sbi punjab baroda canara idbi receive tota,155.712433
2015-04-17,earlier month government decided infuse total r crore public sector including sbi idbi baroda cpunjab informed bse extraordinary general meeting agm company held september,159.223648
2015-04-16,kunal bothra lkp security view one may look state india baroda india,157.955719
2015-04-15,hemen kapadia kr choksey security recommends buying punjab bharat petroleum corporation,162.58856200000002
2015-04-13,kunal bothra lkp security recommends buying jsw steel punjab banksiddarth bhamre angel broking view hdfc bounce recommends trading icici state india tata motor posit,161.515701
2015-06-04,capital infusion lic way issue equity share preferential basis country largest insurer sa,141.277466
2015-03-31,rahul mohindar view one may keep hdfc punjab baroda portfolio,140.83856200000002
2015-03-27,august government announced capital infusion public sector including sbi idbi baroda canara dena,143.1306
2015-03-26,extraordinary general meeting egm held mangaluru today also approved issue crore equity share lic worth r,144.496063
2015-03-25,punjab informed bse consequent upon receipt capital fund tune r crore government india septsudarshan sukhani view psu look attractive feel oriental commerce state india p,151.664795
2015-03-23,last week eight public sector including sbi punjab baroda allotted equity share preferential basis,159.07736200000002
2015-03-16,kiran jadhav precision investment service veiw one may prefer reliance communication advises looking tv motor bobsudarshan sukhani view one may prefer canara baroda andhra punjab,163.320068
2015-12-03,siddarth bhamre angel broking view one may prefer state india punjab,136.350006
2015-09-03,punjab submitted minute extra ordinary general meeting egm company held september,130.800003
2015-03-03,gaurav bissa lkp security suggests buying punjab target r,165.075668
2015-02-27,neeraj deewan quantum security view psu part portfoliobank profit increased percent yoy r crore impacted lower income slow growth operating profit net intpublic sector lender say advance loan book quarter ended september rose percent r lakh crore deposit increased,162.052124
2015-02-26,sudarshan sukhani view one may see downside icici public sector undertaking,155.614914
2015-02-24,pritesh mehta iifl advises buying allcargo logistics punjab reliance infrastructureprabhudas lilladher bullish punjab recommended accumulate rating stock target price r researc,157.370514
2015-02-18,rajat bose feel punjab may test r,163.807724
2015-12-02,pact swift india domestic service act channel payment cash management trade finance treasury transaction citisudarshan sukhani advises buying psu banking stock,139.600006
2015-11-02,pact swift india domestic service act channel payment cash management trade finance treasury transaction citi,129.449997
2015-06-02,punjab informed bse extra ordinary general meeting egm held januaryvk sharma hdfc security recommends buying call,148.007278
2015-03-02,rahul mohindar view axis sbi worthy pick,161.661987
2015-01-28,rahul mohindar view icici may test r,201.60201999999998
2015-01-23,also offer customer credit facility scheme repair renovation damaged house overdraft facility e,202.040909
2015-01-22,mayuresh joshi angel broking view one may prefer axis icici bankmanas jaiswal advises selling punjab target r,207.551575
2015-01-21,chandan taparia derivative technical analyst anand rathi security recommends selling syndicate bhelrbi met boss recently take stock bad loan problem outline step would help clean balance shee,210.67263799999998
2015-01-20,rakesh bansal rk global advises buying ashoka buildcon target r,204.089127
2015-01-16,manas jaiswal advises selling punjab suggests buying reliance communicationsiddarth bhamre angel broking view one may look punjab banksameet chavan angel broking advises exiting punjab around r,199.992722
2015-01-14,sudarshan sukhani advises buying ntpc hero motocorpchandan taparia anand rathi security advises selling punjab target r,198.042038
2015-01-13,ambareesh baliga market expert view one may look state india punjab baroda,202.23599199999998
2015-12-01,sp tulsian view one may stay away psu banking stock,143.800003
2015-09-01,government approved sanctioned release crore december towards contribution preferential allotment,134.800003
2016-12-21,gaurav bissa lkp security recommends selling punjab target r,120.550003
2016-12-15,ashish kyal recommends selling india voltachandan taparia derivative technical analyst anand rathi security recommends selling punjab target rshubham agarwal motilal oswal security recommends selling stock head rprakash gaba recommends shorting hero motocorp feel test r,126.300003
2016-05-12,prakash gaba view one may exit punjab pick indusind bankprakash diwan view one may exit punjab,79.349998
2016-11-29,rajat bose recommends shorting icici taregt r like state indiarajat bose recommends selling larsen toubro punjab,136.100006
2016-11-21,rajat bose recommends buying tech mahindra reliance industry,136.449997
2016-11-18,para bothra ashika stock broking advises buying berger paint target r,149.75
2016-11-17,housing finance plan raise usd million r crore external commercial borrowing ecb fund affordable housing seg,147.600006
2016-11-16,gaurav ratnaparkhi sharekhan suggests buying bharat forge target r,148.800003
2016-11-15,domestic comply standard march require higher capital base prtotect finaninterview jiji mammen ceo mudra said baroda india punjab discussion,154.699997
2016-08-11,prakash gaba recommends shorting tata motor feel may test r,116.25
2016-05-11,interview usha ananthasubramanian punjab spoke united brewery holding,79.5
2016-04-11,according pankaj jain sw capital one may remain invested punjab,83.050003
2016-03-11,earlier week punjab one consortium declared kingfisher airline guarantor vijay mallya united brewerieknown flamboyance hosting lavish party even company declared defaulter lender mallya also said everybody,81.849998
2016-10-24,borrower punjab belief wherewithal paybank recently declared beleaguered kingfisher airline guarantor ub holding vijay mallya wilful defaulter kingfisher airlinerajat bose recommends selling pidilite industry punjab bankashwani gujral recommends buying ultratech cement biocon cesc advises selling engineer india obc,147.050003
2016-10-21,sudarshan sukhani recommends selling crompton greave volta bhel,147.550003
2016-10-18,ashwani gujral recommends selling ajanta pharma indian oil corporation pnbmanish sharma advises buying volta target r,140.800003
2016-10-13,major setback liquor baron vijay mallya debt recovery tribunal drt today barred accessing usd million r crore exit,137.949997
2016-11-10,united india ubi first lender make attempt declare mallya wilful defaulter dismissed calcutta,159.300003
2016-02-10,prakash gaba recommends picking aurobindo pharma tech mahindra feel adani enterprise may test r,79.949997
2016-09-29,consortium evaluated base price kingfisher house r crore bid increment amount r lakh,136.600006
2016-09-28,ashwani gujral recommends buying sobha itc punjab,146.5
2016-09-23,lender grounded kingfisher airline however need time look proposalgovernment decided infuse capital fund tune r crore vijaya way preferential allotment equity favour gov,139.300003
2016-09-22,sharing view vijay mallya debt repayment plan siddharth purohit senior research analyst said question shift deal,141.149994
2016-09-14,chandan taparia anand rathi security recommends buying shriram transport finance sks microfinance dlf titan company advises selling pun,141.899994
2016-12-09,sp tulsian share view glenmark psu stock bearish nbfc stock,135.199997
2016-08-31,ashwani gujral view state india retest r,127.550003
2016-08-24,five steel account alone contributed r crore bad loan country second largest said,126.349998
2016-08-22,sp tulsian interview shared view quarterly earnings transformer rectifier ongc also spoke,127.449997
2016-08-18,ranked hdfc indian company category others include capital one visa mastercard,126.599998
2016-03-08,total cash dispensing machine installed year ending march target atm according,81.5
2016-02-08,sp tulsian talk fundamental company like tata motor sbi pvr bombay dyeing reliance communication,94.300003
2016-07-29,sp tulsian interview gave view various stocksudarshan sukhani view fmcg stock head higher one may see higher level indiabulls housing financesbi punjab kept mclr tenor unchanged percent percent respectively,123.349998
2016-07-28,amit harchekar plus analytics recommends buying raymond radico khaitan advises shorting glenmark pharma,128.949997
2016-07-27,punjab informed bse annual general meeting agm held june,132.800003
2016-07-26,manish hathiramani deen dayal investment recommends buying punjab baroda reliance industry,129.300003
2016-07-22,borrower classified wilful defaulter collectively owe r crore march comparedsanjiv bhasin iifl view one prefer state india canara baroda punjab,120.199997
2016-07-20,ashwani gujral recommends selling jet airway britannia industry volta advises buying hdil oriental comme,129.399994
2016-07-19,rajat bose view punjab best bet feel state india may test r indi,131.149994
2016-07-15,toll road firm irb infrastructure said achieved financial closure project tying project finance r croreper report proposal seek merging andhra maharashtra vijaya india another merger likely syndicate,135.949997
2016-07-14,punjab informed annual general meeting agm company held june,132.949997
2016-12-07,punjab waived processing fee documentation charge new housing car loan till,131.399994
2016-07-07,interview market expert sp tulsian gave stock pick day talked public sector undertaking psu bankininterview sanjiv bhasin iifl shared reading outlook market,116.849998
2016-04-07,interview prakash diwan investment evangelist shared reading outlook specific stock sector,81.0
2016-06-30,ashwani gujral recommends buying punjab carborundum universal jubilant foodworks,105.900002
2016-06-22,rajat bose advises buying punjab axis barodarajat bose view vip industry look good advises buying lakshmi vila decline,97.0
2016-06-21,seventy five percent fund infusion made immediately government said press release remaining amount linked,97.0
2016-06-20,finance ministry decided allocate r crore way preferential allotment equity favour united ind,96.5
2016-06-14,rajat bose view one may probably see good move eros international medium recommends selling mahindra mahindra,89.900002
2016-10-06,rbi imposed penalty r crore allahabad uco r crore india violation launderinginterview prakash diwan investment evangelist shared reading outlook specific stock sector,141.949997
2016-09-06,basis input received public sector reserve undertaken scrutiny advance import remittance octrajat bose dr reddy laboratory strongly bullish dr reddy laboratory target r,132.699997
2016-01-06,total income company rose percent r crore june quarter r period last fiscal,109.599998
2016-05-31,chandan taparia anand rathi security recommends buying tata steel call rural electrification corporation call feel pun,79.0
2016-05-30,punjab informed bse extra ordinary general meeting egm company held august,77.199997
2016-05-27,ashwani gujral recommends buying lic housing finance punjab indraprastha gas feel biocon may hi,76.599998
2016-05-26,watch interview ajay bodke prabhudas lilladher latha venkatesh anuj singhal sonia shenoy shared readin,74.550003
2016-05-24,shahina mukadam independent market expert view one may exit punjab banksandeep wagle view punjab may test r,71.849998
2016-05-20,punjab informed extra ordinary general meeting egm held august,73.349998
2016-05-19,ashwani gujral recommends buying arvind gruh finance advises selling bharti airtel,74.050003
2016-05-18,revision qab charge applicable current general account smart banking current account effectfinance ministry set parameter getting capital support fulfil criterion post third quarter result would eligible c,76.199997
2016-05-16,ashwani gujral recommends buying icici glenmark pharma pnbmitesh thacker recommends buying kesoram industry pidilite arvind hulinterview sp tulsian shared reading outlook market specific stock sectorruchit jain angel broking recommends buying harrison malyalam target r dial target r,74.949997
2016-05-13,interview prakash diwan shared reading outlook specific stock sector,77.599998
2016-12-05,state india punjab idfc digital wallet paytm also start issuing tag required electronic,135.649994
2016-03-31,mitesh thacker recommends buying hdfc asian paint bpcl tv motor ifci like hdfc advises selling marico,84.699997
2016-03-30,received r crore central government towards preferential allotment equity share r price,85.550003
2016-03-21,sandeep wagle suggests buying lic housing finance punjab zee entertainment enterprisesandeep wagle advises selling godrej industry suggests buying havells india,86.400002
2016-03-17,mitesh thacker advises buying punjab indiabulls real estate lic housing finance tata communicationashwani gujral suggests buying punjab arvind ceat federal indiabulls real estate,82.75
2016-10-03,government considering roping including sbi pick stake r credit enhancement fund,143.350006
2016-08-03,state lender said objective drive christened pride ensure availability housing vehicle loan,121.599998
2016-02-25,interview prakash diwan altamount capital management shared reading outlook fundamental market speci,71.75
2016-02-24,according prakash gaba punjab climb r tata chemical may test r,72.199997
2016-02-23,prakash gaba like target r sbi target rashwani gujral recommends buying petronet lng tv motor bpcl lic housing finance,72.699997
2016-02-19,rbi said remitting due towards end december every year becomes far heavy make difficult cope pressure issui,76.150002
2016-02-17,public sector lender punjab second quarter profit seen falling percent r crore according consen,72.650002
2016-02-16,country second largest public sector lender punjab reported percent degrowth second quarter profit r cro,72.5
2016-11-02,villa owned united brewery holding one mallya group company mortgaged kingfisher airline kfa th,136.699997
2016-08-02,sandeep wagle advises buying vedanta punjab motherson sumi,122.699997
2016-05-02,interview suresh ganapathy macquarie capital security said unsecured loan consumer durables likely see hig,84.150002
2016-01-29,prabhudas lilladher recommended accumulate rating punjab target price r research report dated november,91.300003
2016-01-28,conversation usha ananthasubramanian md ceo punjab said branch working double,91.400002
2016-01-15,interview sp tulsian say remains bearish public sector till f expiry also explains b,92.199997
2016-12-01,atm able cope rush access lower denomination new currency old r note banned,136.350006
2016-11-01,punjab informed shri balbir singh designated company secretary december place shrruchit jain angel broking advises buying tata global beverage target r,143.899994
2016-09-01,essar power ltd approached icici consortium strategic restructuring r debt mw mahan power project setashish kyal wave strategy advisor advises buying grasim industry target r,125.75
2016-07-01,activity started december served customer city continue next week,105.25
2016-04-01,ashwani gujral recommends selling state india punjab amara raja battery advises buying infosys,87.650002
2017-01-11,sp tulsian consistently maintained negative stance psu due past performance earning,123.599998
2017-03-07,vijay chopra suggests buying jet airway target r,141.5
2017-02-07,vijay chopra view one may exit mindtree rally,151.649994
2017-03-03,present account holder country second largest public sector make number transaction month financial,139.949997
2017-02-03,ashwani gujral recommends buying l finance holding dewan housing finance sundram fastener indraprastha gas bf utility,150.149994
2017-02-28,idea behind creating find company outperform benchmark index bull run contain damage equity mar,141.399994
2017-02-27,public sector however give indication whether would raised diluting government equity issuing additional,139.649994
2017-02-23,ashwani gujral recommends buying punjab britannia industry oberoi realty,140.149994
2017-02-21,ashwani gujral recommends buying punjab eid parry canara,143.800003
2017-02-20,ashwani gujral suggests buying punjab indraprastha gas bpclblog keep track key global local development impacting business market day important local global political de,143.050003
2017-02-13,according shahina mukadam independent market expert punjab one may keep aa stoploss r,142.350006
2017-01-31,added branch april june period second quarter closed total six branch taking network tally,135.550003
2017-01-30,public sector lender punjab action construction equipment ltd ace tied financing farm machineryblog keep track key global local development impacting business market day important local global political de,137.649994
2017-01-18,exclusive interview moneycontrol beena parmar bahuguna belief greater scope new investor enter provi,130.350006
2017-01-17,general meeting egm shareholder held today said regulatory filing stock exchange,130.25
2017-01-16,successfully sold equity share pnbhfl different investor retail floor price wblog keep track key global local development impacting business market day important local global political de,128.699997
2017-02-01,ca rudramurthy vachana investment advises shoring punjab icici,140.550003
